"technology","Material","value"
"a-Si","Silicon",150
"a-Si","Germanium",48
"a-Si","Germanium",73
"a-Si","Cadmium",6.61
"a-Si","Chromium",634
"a-Si","Indium",13.41
"a-Si","Molybdenum",10.62
"a-Si","Nickel",334
"a-Si","Tellurium",7.8
"a-Si","Tin",143.21
"a-Si","Copper",100.5
"a-Si","Germanium",73
"a-Si","Germanium",73
"a-Si","Germanium",42
"a-Si","Germanium",42
"a-Si","Copper",1005
"a-Si","Indium",5.32
"a-Si","Indium",5.32
"a-Si","Tin",0.714
"a-Si","Germanium",73
"a-Si","Germanium",36
"a-Si","Germanium",41
"a-Si","Germanium",48
"a-Si","Germanium",6.9
"a-Si","Germanium",42
"a-Si","Germanium",3.4
"a-Si","Germanium",6.9
"a-Si","Germanium",14.8
"a-Si","Indium",4
"a-Si","Germanium",73
"ASIGE","Copper",7000
"ASIGE","Aluminum",31300
"ASIGE","Glass",53400
"ASIGE","Steel",56000
"ASIGE","Glass",70000
"ASIGE","Copper",7000
"ASIGE","Cement",4847
"ASIGE","Cement",7520
"ASIGE","Aluminum",15390
"ASIGE","Steel",55900
"ASIGE","Copper",7530
"ASIGE","Cement",6775
"ASIGE","Cement",10512
"ASIGE","Aluminum",15390
"ASIGE","Glass",66700
"Biomass","Nickel",8
"Biomass","Manganese ",199
"Biomass","Copper",471
"Biomass","Nickel",11
"Biomass","Manganese ",124
"Biomass","Copper",500
"Biomass","Copper",538
"Biomass","Steel",52000
"Biomass","Cement",16397
"Biomass","Cement",25440
"Biomass","Aluminum",1300
"Biomass","Nickel",10
"Biomass","Manganese ",112
"Biomass","Copper",454
"BiomassCCS","Nickel",8
"BiomassCCS","Manganese ",199
"BiomassCCS","Nickel",11
"BiomassCCS","Manganese ",124
"BiomassCCS","Copper",600
"BiomassCCS","Copper",645
"BiomassCCS","Steel",79560
"BiomassCCS","Cement",25087
"BiomassCCS","Cement",38923
"BiomassCCS","Aluminum",1300
"BiomassCCS","Nickel",10
"BiomassCCS","Manganese ",112
"BiomassCCS","Copper",545
"CDTE","Copper",7000
"CDTE","Aluminum",31300
"CdTe","Cadmium",35
"CdTe","Cadmium",50
"CdTe","Cadmium",85
"CdTe","Tellurium",35
"CdTe","Tellurium",95
"CdTe","Tellurium",52
"CdTe","Cadmium",138
"CdTe","Tellurium",156
"CdTe","Cadmium",85
"CdTe","Tellurium",97.5
"CdTe","Tellurium",97.5
"CdTe","Cadmium",85
"CdTe","Cadmium",244.26
"CdTe","Chromium",61
"CdTe","Lead",7.8
"CdTe","Molybdenum",0.5
"CdTe","Tellurium",242.87
"CdTe","Copper",518.07
"CDTE","Glass",53400
"CdTe","Tellurium",176
"CdTe","Tellurium",106
"CdTe","Tellurium",55
"CdTe","Tellurium",56
"CDTE","Steel",56000
"CDTE","Glass",70000
"CDTE","Copper",7000
"CDTE","Cement",4847
"CDTE","Cement",7520
"CDTE","Aluminum",15390
"CdTe","Cadmium",80
"CdTe","Cadmium",17
"CdTe","Cadmium",62
"CdTe","Cadmium",138
"CdTe","Tellurium",90
"CdTe","Tellurium",19
"CdTe","Tellurium",70
"CdTe","Tellurium",156
"CdTe","Copper",5181
"CdTe","Tellurium",70
"CdTe","Tellurium",130
"CDTE","Steel",55900
"CDTE","Copper",7530
"CDTE","Cement",6775
"CDTE","Cement",10512
"CDTE","Aluminum",15390
"CdTe","Tellurium",69
"CdTe","Tellurium",97.5
"CdTe","Cadmium",79
"CdTe","Cadmium",89
"CdTe","Cadmium",116
"CdTe","Tellurium",89
"CdTe","Tellurium",101
"CdTe","Tellurium",132
"CdTe","Cadmium",21
"CdTe","Cadmium",36
"CdTe","Cadmium",77
"CdTe","Tellurium",23
"CdTe","Tellurium",41
"CdTe","Tellurium",87
"CdTe","Tellurium",260
"CdTe","Tellurium",500
"CdTe","Tellurium",120
"CDTE","Glass",66700
"CdTe","Cadmium",138
"CdTe","Cadmium",17
"CdTe","Cadmium",138
"CdTe","Tellurium",156
"CdTe","Tellurium",19
"CdTe","Tellurium",156
"CdTe","Cadmium",63.3
"CdTe","Tellurium",55
"CdTe","Cadmium",85
"CdTe","Copper",42.8
"CdTe","Tellurium",97.5
"CdTe","Cadmium",49.2
"CdTe","Molybdenum",100.5
"CdTe","Tellurium",47.2
"CdTe","Tin",6.6
"CdTe","Cadmium",63.3
"CdTe","Indium",15.9
"CdTe","Tellurium",61.9
"CdTe","Cadmium",65.2
"CdTe","Tellurium",65.4
"CdTe","Indium",15.5
"CdTe","Tellurium",99.7
"CdTe","Cadmium",116.7
"CdTe","Cadmium",63.8
"CdTe","Indium",15.5
"CdTe","Tellurium",43.1
"CdTe","Cadmium",63
"CdTe","Tellurium",63
"CdTe","Cadmium",85
"CdTe","Tellurium",98
"CdTe","Tellurium",17
"CdTe","Tellurium",74
"CdTe","Tellurium",106
"CdTe","Tellurium",69
"CdTe","Cadmium",6
"CdTe","Copper",1000
"CdTe","Copper",5181
"CdTe","Cadmium",138
"CdTe","Cadmium",62
"CdTe","Cadmium",17
"CdTe","Lead",8
"CdTe","Molybdenum",109
"CdTe","Tellurium",19
"CdTe","Tellurium",70
"CdTe","Tellurium",156
"CdTe","Tellurium",243
"CdTe","Tellurium",98
"CdTe","Cadmium",84
"CdTe","Tellurium",90
"CdTe","Cadmium",244
"CdTe","Cadmium",87
"CdTe","Copper",3091
"CdTe","Nickel",16
"CdTe","Tellurium",92
"CdTe","Cadmium",85
"CdTe","Tellurium",97.5
"CdTe","Cadmium",63
"CdTe","Tellurium",47
"CdTe","Cadmium",53
"CdTe","Tellurium",41
"CdTe","Cadmium",40
"CdTe","Tellurium",34
"CIGS","Copper",7000
"CIGS","Aluminum",31300
"CIGS","Copper",20
"CIGS","Copper",22
"CIGS","Copper",24
"CIGS","Indium",10
"CIGS","Indium",15
"CIGS","Indium",27
"CIGS","Gallium",3
"CIGS","Gallium",4
"CIGS","Gallium",7
"CIGS","Selenium",22
"CIGS","Selenium",35
"CIGS","Selenium",60
"CIGS","Gallium",9
"CIGS","Indium",28
"CIGS","Selenium",161
"CIGS","Indium",6.3
"CIGS","Indium",8
"CIGS","Indium",11
"CIGS","Gallium",7.5
"CIGS","Indium",23
"CIGS","Selenium",45
"CIGS","Gallium",7.5
"CIGS","Gallium",2.34
"CIGS","Selenium",45
"CIGS","Selenium",9.56
"CIGS","Indium",22.5
"CIGS","Indium",18.99
"CIGS","Cadmium",265
"CIGS","Gallium",124
"CIGS","Indium",55
"CIGS","Molybdenum",109
"CIGS","Selenium",110
"CIGS","Zinc",121
"CIGS","Copper",450
"CIGS","Glass",53400
"CIGS","Indium",83
"CIGS","Indium",83
"CIGS","Indium",15.5
"CIGS","Indium",15.5
"CIGS","Indium",44155
"CIGS","Gallium",12
"CIGS","Gallium",6.7
"CIGS","Indium",63.25
"CIGS","Indium",16.3
"CIGS","Steel",56000
"CIGS","Glass",70000
"CIGS","Copper",7000
"CIGS","Cement",4847
"CIGS","Cement",7520
"CIGS","Aluminum",15390
"CIGS","Gallium",2
"CIGS","Gallium",4
"CIGS","Gallium",9
"CIGS","Indium",20
"CIGS","Indium",28
"CIGS","Indium",13
"CIGS","Indium",7
"CIGS","Selenium",90
"CIGS","Selenium",17
"CIGS","Selenium",41
"CIGS","Selenium",161
"CIGS","Copper",450
"CIGS","Gallium",4
"CIGS","Indium",13
"CIGS","Steel",55900
"CIGS","Copper",7530
"CIGS","Cement",6775
"CIGS","Cement",10512
"CIGS","Aluminum",15390
"CIGS","Indium",83
"CIGS","Indium",22.5
"CIGS","Copper",250
"CIGS","Indium",44155
"CIGS","Copper",21.02
"CIGS","Gadium",2.34
"CIGS","Indium",18.99
"CIGS","Indium",9.56
"CIGS","Gallium",6
"CIGS","Gallium",8
"CIGS","Gallium",11
"CIGS","Indium",23
"CIGS","Indium",29
"CIGS","Indium",43
"CIGS","Selenium",48
"CIGS","Selenium",67
"CIGS","Selenium",107
"CIGS","Gallium",2
"CIGS","Gallium",3
"CIGS","Gallium",6
"CIGS","Indium",8
"CIGS","Indium",12
"CIGS","Indium",22
"CIGS","Selenium",15
"CIGS","Selenium",26
"CIGS","Selenium",51
"CIGS","Glass",66700
"CIGS","Indium",25
"CIGS","Indium",30
"CIGS","Indium",40
"CIGS","Indium",24.1
"CIGS","Indium",29
"CIGS","Indium",39.1
"CIGS","Indium",22.6
"CIGS","Indium",27.5
"CIGS","Indium",37.6
"CIGS","Indium",19.6
"CIGS","Indium",24.4
"CIGS","Indium",34.6
"CIGS","Indium",15
"CIGS","Indium",19.5
"CIGS","Indium",30
"CIGS","Gallium",9
"CIGS","Gallium",2
"CIGS","Gallium",9
"CIGS","Indium",28
"CIGS","Indium",7
"CIGS","Indium",28
"CIGS","Selenium",161
"CIGS","Selenium",17
"CIGS","Selenium",161
"CIGS","Gallium",7.2
"CIGS","Indium",55.5
"CIGS","Cadmium",1.3
"CIGS","Selenium",39.3
"CIGS","Cadmium",1.3
"CIGS","Gallium",3.2
"CIGS","Indium",45
"CIGS","Selenium",17.4
"CIGS","Gadium",11
"CIGS","Gadium",10
"CIGS","Indium",13
"CIGS","Gallium",5
"CIGS","Indium",27
"CIGS","Selenium",45
"CIGS","Gallium",8
"CIGS","Indium",23
"CIGS","Selenium",45
"CIGS","Gallium",12
"CIGS","Gallium",29
"CIGS","Indium",15
"CIGS","Indium",23
"CIGS","Gallium",8
"CIGS","Indium",83
"CIGS","Indium",23
"CIGS","Gallium",0.12
"CIGS","Indium",5
"CIGS","Indium",23
"CIGS","Indium",28
"CIGS","Indium",38
"CIGS","Gallium",2
"CIGS","Gallium",4
"CIGS","Gallium",9
"CIGS","Gallium",124
"CIGS","Indium",7
"CIGS","Indium",13
"CIGS","Indium",28
"CIGS","Indium",55
"CIGS","Molybdenum",1
"CIGS","Selenium",17
"CIGS","Selenium",41
"CIGS","Selenium",161
"CIGS","Selenium",110
"CIGS","Indium",23
"CIGS","Selenium",45
"CIGS","Copper",17
"CIGS","Copper",450
"CIGS","Gallium",6
"CIGS","Indium",84
"CIGS","Selenium",84
"CIGS","Copper",233
"CIGS","Gallium",19
"CIGS","Indium",31
"CIGS","Selenium",61
"CIGS","Gallium",7.5
"CIGS","Indium",23
"CIGS","Selenium",45
"CIGS","Indium",23
"CIGS","Gallium",5
"CIGS","Selenium",45
"CIGS","Indium",12
"CIGS","Gallium",3
"CIGS","Selenium",26
"CIGS","Indium",10
"CIGS","Gallium",2.7
"CIGS","Selenium",22
"Coal","Nickel",8
"Coal","Manganese ",199
"Coal","Copper",471
"Coal","Cement",10572
"Coal","Cement",16403
"Coal","Steel",44425
"Coal","Nickel",11
"Coal","Manganese ",124
"Coal","Copper",500
"Coal","Copper",538
"Coal","Cement",4668
"Coal","Cement",6749
"Coal","Cement",11315
"Coal","Cement",16361
"Coal","Aluminum",281
"Coal","Steel",51340
"Coal","Cement",16372
"Coal","Cement",25401
"Coal","Aluminum",419
"Coal","Steel",62200
"Coal","Cement",18389
"Coal","Cement",28531
"Coal","Aluminum",624
"Coal","Nickel",10
"Coal","Manganese ",112
"Coal","Copper",454
"Coal","Cement",7658
"Coal","Cement",11881
"Coal","Aluminum",255
"CoalCCS","Nickel",8
"CoalCCS","Manganese ",199
"CoalCCS","Copper",565
"CoalCCS","Cement",16175
"CoalCCS","Cement",25096
"CoalCCS","Steel",67695
"CoalCCS","Nickel",11
"CoalCCS","Manganese ",124
"CoalCCS","Copper",600
"CoalCCS","Copper",645
"CoalCCS","Cement",7141
"CoalCCS","Cement",10326
"CoalCCS","Cement",17313
"CoalCCS","Cement",25033
"CoalCCS","Aluminum",281
"CoalCCS","Steel",78550
"CoalCCS","Cement",25049
"CoalCCS","Cement",38864
"CoalCCS","Aluminum",419
"CoalCCS","Steel",95166
"CoalCCS","Cement",9814
"CoalCCS","Cement",43653
"CoalCCS","Aluminum",624
"CoalCCS","Steel",61648
"CoalCCS","Nickel",10
"CoalCCS","Manganese ",112
"CoalCCS","Copper",545
"CoalCCS","Cement",11716
"CoalCCS","Cement",18178
"CoalCCS","Aluminum",255
"utility-scale solar pv","Copper",7000
"utility-scale solar pv","Aluminum",38500
"utility-scale solar pv","Silicon",4
"utility-scale solar pv","Silver",20
"utility-scale solar pv","Silver",35.6
"utility-scale solar pv","Silicon",6629
"utility-scale solar pv","Silver",11
"utility-scale solar pv","Silver",80
"utility-scale solar pv","Lead",5.53
"utility-scale solar pv","Lead",6.32
"utility-scale solar pv","Nickel",1.3
"utility-scale solar pv","Silver",59
"utility-scale solar pv","Silver",68.17
"utility-scale solar pv","Copper",825
"utility-scale solar pv","Copper",943
"utility-scale solar pv","Silicon",2930
"utility-scale solar pv","Silicon",3450
"utility-scale solar pv","Glass",53400
"utility-scale solar pv","Steel",56000
"utility-scale solar pv","Silicon",7000
"utility-scale solar pv","Glass",70000
"utility-scale solar pv","Copper",7000
"utility-scale solar pv","Cement",4847
"utility-scale solar pv","Cement",7520
"utility-scale solar pv","Aluminum",19000
"utility-scale solar pv","Cement",6497
"utility-scale solar pv","Cement",10080
"utility-scale solar pv","Silicon",3347
"utility-scale solar pv","Silicon",638
"utility-scale solar pv","Silicon",2882
"utility-scale solar pv","Silicon",6629
"utility-scale solar pv","Silver",54.8125
"utility-scale solar pv","Silver",38.36875
"utility-scale solar pv","Silver",32.53125
"utility-scale solar pv","Silver",29.45625
"utility-scale solar pv","Silver",10
"utility-scale solar pv","Copper",884
"utility-scale solar pv","Steel",55900
"utility-scale solar pv","Copper",7530
"utility-scale solar pv","Cement",6775
"utility-scale solar pv","Cement",10512
"utility-scale solar pv","Aluminum",19000
"utility-scale solar pv","Aluminum",10953
"utility-scale solar pv","Copper",2741
"utility-scale solar pv","Lead",336
"utility-scale solar pv","Magnesium",53.5
"utility-scale solar pv","Silicon",3653
"utility-scale solar pv","Silver",24
"utility-scale solar pv","Tin",577
"utility-scale solar pv","Silver",13
"utility-scale solar pv","Silver",15
"utility-scale solar pv","Silver",18
"utility-scale solar pv","Glass",66700
"utility-scale solar pv","Nickel",1
"utility-scale solar pv","Silver",84
"utility-scale solar pv","Silicon",6630
"utility-scale solar pv","Silver",36
"utility-scale solar pv","Silver",19
"utility-scale solar pv","Silver",36
"utility-scale solar pv","Copper",300
"utility-scale solar pv","Nickel",1.1
"utility-scale solar pv","Silicon",3653
"utility-scale solar pv","Silver",19
"utility-scale solar pv","Silver",10
"utility-scale solar pv","Silver",20
"utility-scale solar pv","Silver",80
"utility-scale solar pv","Lead",6
"utility-scale solar pv","Nickel",1.3
"utility-scale solar pv","Silicon",6630
"utility-scale solar pv","Silver",4
"utility-scale solar pv","Silver",47
"utility-scale solar pv","Silver",57
"utility-scale solar pv","Silver",17
"utility-scale solar pv","Copper",250
"utility-scale solar pv","Lead",72
"utility-scale solar pv","Silver",5
"utility-scale solar pv","Silicon",9000
"utility-scale solar pv","Copper",825
"utility-scale solar pv","Copper",458
"utility-scale solar pv","Lead",39
"utility-scale solar pv","Nickel",1
"utility-scale solar pv","Silicon",6428
"utility-scale solar pv","Silver",36
"utility-scale solar pv","Silver",30
"CSP","Steel",240000
"CSP","Steel",4e+05
"CSP","Nickel",940
"CSP","Nickel",1900
"CSP","Manganese ",2000
"CSP","Manganese ",5700
"CSP","Glass",130000
"CSP","Glass",110000
"CSP","Copper",3200
"CSP","Copper",1400
"CSP","Cement",250000
"CSP","Cement",72000
"CSP","Aluminum",0
"CSP","Aluminum",11000
"CSP","Silver",13
"CSP","Silver",16
"Gas","Nickel",8
"Gas","Manganese ",199
"Gas","Copper",471
"Gas","Nickel",11
"Gas","Manganese ",124
"Gas","Copper",500
"Gas","Copper",538
"Gas","Steel",31030
"Gas","Cement",11403
"Gas","Cement",15640
"Gas","Aluminum",204
"Gas","Steel",51130
"Gas","Cement",7350
"Gas","Cement",10080
"Gas","Aluminum",230
"Gas","Nickel",10
"Gas","Manganese ",112
"Gas","Copper",454
"GasCCS","Nickel",8
"GasCCS","Manganese ",199
"GasCCS","Copper",565
"GasCCS","Nickel",10
"GasCCS","Nickel",11
"GasCCS","Manganese ",112
"GasCCS","Manganese ",124
"GasCCS","Copper",600
"GasCCS","Copper",645
"GasCCS","Steel",47476
"GasCCS","Cement",15423
"GasCCS","Cement",23929
"GasCCS","Aluminum",204
"GasCCS","Steel",78229
"GasCCS","Cement",8067
"GasCCS","Cement",17447
"GasCCS","Aluminum",230
"GasCCS","Copper",545
"Geothermal","Steel",147420
"Geothermal","Copper",2518
"Geothermal","Cement",271666
"Geothermal","Aluminum",1448
"Geothermal","Steel",140347
"Geothermal","Copper",597
"Geothermal","Cement",76061
"Geothermal","Aluminum",2386
"Geothermal","Steel",912972
"Geothermal","Cement",196486
"Geothermal","Aluminum",9729
"Geothermal","Steel",295000
"Geothermal","Steel",356000
"Geothermal","Steel",1206000
"Geothermal","Steel",1175000
"Geothermal","Cement",232000
"Geothermal","Cement",87400
"Geothermal","Cement",988000
"Geothermal","Cement",987000
"Geothermal","Aluminum",1600
"Geothermal","Aluminum",45200
"Geothermal","Aluminum",42600
"Geothermal","Steel",124933
"Geothermal","Copper",18885
"Geothermal","Cement",311984
"Geothermal","Aluminum",10198
"Hydro","Copper",1050
"Hydro","Steel",78000
"Hydro","Steel",177000
"Hydro","Copper",2970
"Hydro","Cement",1086216
"Hydro","Cement",594619
"Hydro","Cement",922560
"Hydro","Cement",1685280
"Hydro","Steel",24800
"Hydro","Cement",1223040
"Hydro","Cement",788288
"Hydro","Aluminum",52
"Hydro","Steel",54500
"Hydro","Copper",1502
"Hydro","Cement",1068800
"Hydro","Cement",688875
"Nuclear New","Steel",50400
"Nuclear New","Cement",39590
"Nuclear New","Cement",61420
"Nuclear New","Steel",36068
"Nuclear New","Nickel",484
"Nuclear New","Manganese ",467
"Nuclear New","Copper",726
"Nuclear New","Cement",30133
"Nuclear New","Aluminum",18
"Nuclear New","Silver",1
"Nuclear New","Steel",10000
"Nuclear New","Nickel",49
"Nuclear New","Nickel",100
"Nuclear New","Manganese ",209
"Nuclear New","Manganese ",400
"Nuclear New","Copper",907
"Nuclear New","Copper",2000
"Nuclear New","Cement",19600
"Nuclear New","Cement",30400
"Nuclear New","Aluminum",54
"Nuclear New","Aluminum",45
"Nuclear New","Silver",1
"Nuclear New","Nickel",300
"Nuclear New","Copper",1345
"Nuclear New","Steel",44821
"Nuclear New","Steel",43206
"Nuclear New","Cement",22872
"Nuclear New","Cement",55447
"Nuclear New","Cement",21089
"Nuclear New","Cement",51125
"Nuclear New","Steel",7407
"Nuclear New","Nickel",74
"Nuclear New","Manganese ",296
"Nuclear New","Copper",1481
"Nuclear New","Aluminum",33
"Nuclear New","Silver",1
"Wind Offshore","Aluminum",300
"Wind Offshore","Aluminum",700
"Wind Offshore","Aluminum",3100
"Wind Offshore","Aluminum",5300
"Wind Offshore","Copper",1800
"Wind Offshore","Copper",2000
"Wind Offshore","Copper",4800
"Wind Offshore","Copper",5900
"Wind Offshore","Steel",125000
"Wind Offshore","Steel",156000
"Wind Offshore","Steel",210000
"Wind Offshore","Steel",253000
"Wind Offshore","Aluminum",9400
"Wind Offshore","Steel",4e+05
"Wind Offshore","Copper",22200
"Wind Offshore","Copper",1143
"Wind Offshore","Copper",10000
"Wind Offshore","Neodymium",119
"Wind Offshore","Neodymium",198
"Wind Offshore","Aluminum",370
"Wind Offshore","Copper",10000
"Wind Offshore","Dysprosium",22
"Wind Offshore","Lead",6720
"Wind Offshore","Neodymium",124
"Wind Offshore","Nickel",111
"Wind Offshore","Steel",132000
"Wind Offshore","Dysprosium",22
"Wind Offshore","Lead",6720
"Wind Offshore","Neodymium",124
"Wind Offshore","Nickel",111
"Wind Offshore","Steel",132000
"Wind Offshore","Aluminum",370
"Wind Offshore","Copper",10000
"Wind Offshore","Neodymium",175.5
"Wind Offshore","Neodymium",162.4
"Wind Offshore","Neodymium",164.3
"Wind Offshore","Neodymium",165.7
"Wind Offshore","Neodymium",124
"Wind Offshore","Neodymium",186
"Wind Offshore","Neodymium",180
"Wind Offshore","Neodymium",198
"Wind Offshore","Neodymium",186
"Wind Offshore","Neodymium",116
"Wind Offshore","Neodymium",54
"Wind Offshore","Neodymium",171
"Wind Offshore","Neodymium",102
"Wind Offshore","Neodymium",34
"Wind Offshore","Neodymium",170.4
"Wind Offshore","Neodymium",216
"Wind Offshore","Chromium",293.56
"Wind Offshore","Copper",1484
"Wind Offshore","Dysprosium",21.56
"Wind Offshore","Molybdenum",75.315
"Wind Offshore","Neodymium",150.92
"Wind Offshore","Nickel",376.57
"Wind Offshore","Niobium",37.657
"Wind Offshore","Praseodymium",30.8
"Wind Offshore","Terbium",6.16
"Wind Offshore","Vanadium",7000
"Wind Offshore","Copper",10000
"Wind Offshore","Aluminum",420
"Wind Offshore","Copper",2750
"Wind Offshore","Lead",3790
"Wind Offshore","Neodymium",150
"Wind Offshore","Steel",148000
"Wind Offshore","Steel",183000
"Wind Offshore","Copper",3400
"Wind Offshore","Aluminum",1900
"Wind Offshore","Copper",4000
"Wind Offshore","Dysprosium",33
"Wind Offshore","Neodymium",186
"Wind Offshore","Aluminum",560
"Wind Offshore","Copper",11500
"Wind Offshore","Copper",15800
"Wind Offshore","Dysprosium",4.86
"Wind Offshore","Dysprosium",14.58
"Wind Offshore","Neodymium",60.92
"Wind Offshore","Neodymium",182.75
"Wind Offshore","Nickel",111
"Wind Offshore","Steel",232670
"Wind Offshore","Steel",292100
"Wind Offshore","Aluminum",3000
"Wind Offshore","Aluminum",260
"Wind Offshore","Aluminum",1060
"Wind Offshore","Aluminum",3930
"Wind Offshore","Aluminum",2063
"Wind Offshore","Boron",7
"Wind Offshore","Chromium",450
"Wind Offshore","Chromium",294
"Wind Offshore","Chromium",372
"Wind Offshore","Copper",20000
"Wind Offshore","Copper",11500
"Wind Offshore","Copper",4500
"Wind Offshore","Copper",1484
"Wind Offshore","Copper",9371
"Wind Offshore","Dysprosium",3
"Wind Offshore","Dysprosium",25
"Wind Offshore","Dysprosium",10
"Wind Offshore","Dysprosium",24
"Wind Offshore","Dysprosium",28
"Wind Offshore","Dysprosium",13
"Wind Offshore","Dysprosium",14
"Wind Offshore","Dysprosium",13
"Wind Offshore","Dysprosium",18
"Wind Offshore","Dysprosium",22
"Wind Offshore","Dysprosium",16
"Wind Offshore","Neodymium",186
"Wind Offshore","Neodymium",203
"Wind Offshore","Neodymium",180
"Wind Offshore","Neodymium",41
"Wind Offshore","Neodymium",140
"Wind Offshore","Neodymium",187
"Wind Offshore","Neodymium",40
"Wind Offshore","Neodymium",43
"Wind Offshore","Neodymium",166
"Wind Offshore","Neodymium",150
"Wind Offshore","Neodymium",200
"Wind Offshore","Neodymium",195
"Wind Offshore","Neodymium",186
"Wind Offshore","Neodymium",151
"Wind Offshore","Neodymium",148
"Wind Offshore","Praseodymium",35
"Wind Offshore","Praseodymium",31
"Wind Offshore","Praseodymium",33
"Wind Offshore","Steel",350000
"Wind Offshore","Steel",317000
"Wind Offshore","Steel",333500
"Wind Offshore","Terbium",7
"Wind Offshore","Terbium",6
"Wind Offshore","Vanadium",7000
"Wind Offshore","Copper",2440
"Wind Offshore","Copper",2514.285714
"Wind Offshore","Copper",1566.666667
"Wind Offshore","Copper",1570.833333
"Wind Offshore","Copper",5560
"Wind Offshore","Copper",5642.857143
"Wind Offshore","Copper",4916.666667
"Wind Offshore","Copper",4895.833333
"Wind Offshore","Copper",2520
"Wind Offshore","Copper",3057.142857
"Wind Offshore","Copper",891.6666667
"Wind Offshore","Copper",1066.666667
"Wind Offshore","Copper",3057
"Wind Offshore","Copper",892
"Wind Offshore","Copper",1067
"Wind Offshore","Copper",2514
"Wind Offshore","Copper",1567
"Wind Offshore","Copper",1571
"Wind Offshore","Copper",5643
"Wind Offshore","Copper",4917
"Wind Offshore","Copper",4896
"Wind Offshore","Steel",147576
"Wind Offshore","Steel",803094
"Wind Offshore","Steel",917224
"Wind Offshore","Steel",530417
"Wind Offshore","Fiberglass",5823
"Wind Offshore","Fiberglass",5833
"Wind Offshore","Fiberglass",10551
"Wind Offshore","Copper",1650
"Wind Offshore","Copper",5218
"Wind Offshore","Copper",9601
"Wind Offshore","Aluminum",1000
"Wind Offshore","Aluminum",898
"Wind Offshore","Aluminum",556
"Wind Offshore","Steel",193257
"Wind Offshore","Fiberglass",10921
"Wind Offshore","Copper",2337
"Wind Offshore","Cement",142
"Wind Offshore","Cement",220
"Wind Offshore","Aluminum",2140
"Wind Offshore","Copper",9580
"Wind Offshore","Neodymium ",186
"Wind Offshore","Dysprosium",12
"Wind Offshore","Steel",193257
"Wind Offshore","Fiberglass",10921
"Wind Offshore","Copper",2337
"Wind Offshore","Cement",142
"Wind Offshore","Cement",220
"Wind Offshore","Aluminum",2140
"Wind Offshore","Copper",9580
"onshore wind","Aluminum",300
"onshore wind","Aluminum",700
"onshore wind","Aluminum",3100
"onshore wind","Aluminum",5300
"onshore wind","Copper",1400
"onshore wind","Copper",1800
"onshore wind","Copper",3700
"onshore wind","Copper",6100
"onshore wind","Steel",54000
"onshore wind","Steel",105000
"onshore wind","Steel",160000
"onshore wind","Steel",204000
"onshore wind","Steel",148000
"onshore wind","Copper",1143
"onshore wind","Copper",4318
"onshore wind","Neodymium",41
"onshore wind","Nickel",111
"onshore wind","Dysprosium",22
"onshore wind","Lead",6720
"onshore wind","Aluminum",260
"onshore wind","Chromium",359
"onshore wind","Copper",2000
"onshore wind","Dysprosium",0.9
"onshore wind","Neodymium",6.2
"onshore wind","Nickel",111
"onshore wind","Praseodymium",1.3
"onshore wind","Steel",132000
"onshore wind","Chromium",358.9
"onshore wind","Copper",1012
"onshore wind","Dysprosium",0.9
"onshore wind","Molybdenum",75.3
"onshore wind","Neodymium",6.2
"onshore wind","Nickel",376.6
"onshore wind","Niobium",37.7
"onshore wind","Praseodymium",1.3
"onshore wind","Terbium",0.3
"onshore wind","Vanadium",90.4
"onshore wind","Aluminum",370
"onshore wind","Copper",2000
"onshore wind","Aluminum",260
"onshore wind","Copper",1830
"onshore wind","Steel",135000
"onshore wind","Steel",132500
"onshore wind","Copper",2750
"onshore wind","Aluminum",1900
"onshore wind","Copper",4000
"onshore wind","Aluminum",560
"onshore wind","Copper",2700
"onshore wind","Copper",7000
"onshore wind","Dysprosium",4.86
"onshore wind","Dysprosium",14.58
"onshore wind","Neodymium",60.92
"onshore wind","Neodymium",182.75
"onshore wind","Nickel",111
"onshore wind","Steel",112670
"onshore wind","Steel",172100
"onshore wind","Aluminum",3000
"onshore wind","Aluminum",50
"onshore wind","Aluminum",260
"onshore wind","Aluminum",3530
"onshore wind","Aluminum",560
"onshore wind","Aluminum",830
"onshore wind","Aluminum",1372
"onshore wind","Boron",1
"onshore wind","Chromium",789
"onshore wind","Chromium",902
"onshore wind","Chromium",359
"onshore wind","Chromium",683
"onshore wind","Copper",1143
"onshore wind","Copper",3000
"onshore wind","Copper",4000
"onshore wind","Copper",2000
"onshore wind","Copper",2000
"onshore wind","Copper",2500
"onshore wind","Copper",3000
"onshore wind","Copper",1745
"onshore wind","Copper",1200
"onshore wind","Copper",5500
"onshore wind","Copper",4700
"onshore wind","Copper",1750
"onshore wind","Copper",1408
"onshore wind","Copper",2700
"onshore wind","Copper",2300
"onshore wind","Copper",1012
"onshore wind","Copper",2497
"onshore wind","Praseodymium",4
"onshore wind","Praseodymium",1
"onshore wind","Praseodymium",3
"onshore wind","Steel",103000
"onshore wind","Steel",115000
"onshore wind","Steel",140000
"onshore wind","Steel",150000
"onshore wind","Steel",98000
"onshore wind","Steel",148000
"onshore wind","Steel",120000
"onshore wind","Steel",89840
"onshore wind","Steel",138000
"onshore wind","Steel",119985
"onshore wind","Terbium",1
"onshore wind","Vanadium",90
"onshore wind","Copper",2733.333333
"onshore wind","Copper",2520
"onshore wind","Copper",2500
"onshore wind","Copper",4800
"onshore wind","Copper",4608.695652
"onshore wind","Copper",5066.666667
"onshore wind","Copper",2242.424242
"onshore wind","Copper",2478.26087
"onshore wind","Copper",2333.333333
"onshore wind","Copper",2242
"onshore wind","Copper",2478
"onshore wind","Copper",2333
"onshore wind","Copper",2733
"onshore wind","Copper",4609
"onshore wind","Copper",5067
"onshore wind","Steel",107000
"onshore wind","Steel",113000
"onshore wind","Aluminum",1600
"onshore wind","Aluminum",1400
"onshore wind","Boron",1
"onshore wind","Chromium",580
"onshore wind","Chromium",470
"onshore wind","Copper",1400
"onshore wind","Copper",950
"onshore wind","Dysprosium",6
"onshore wind","Dysprosium",2
"onshore wind","Manganese",800
"onshore wind","Manganese",780
"onshore wind","Molybdenum",119
"onshore wind","Molybdenum",99
"onshore wind","Neodymium",12
"onshore wind","Neodymium",51
"onshore wind","Nickel",440
"onshore wind","Nickel",430
"onshore wind","Praseodymium",4
"onshore wind","Terbium",1
"onshore wind","Zinc",5500
"onshore wind","Neodymium",36
"onshore wind","Copper",1500
"onshore wind","Steel",84900
"onshore wind","Copper",4982
"onshore wind","Nickel",377
"onshore wind","Steel",120480
"onshore wind","Fiberglass",8980
"onshore wind","Copper",1700
"onshore wind","Cement",41388
"onshore wind","Cement",64214
"onshore wind","Aluminum",4900
"onshore wind","Steel",130480
"onshore wind","Fiberglass",7400
"onshore wind","Copper",1740
"onshore wind","Cement",47099
"onshore wind","Cement",73075
"onshore wind","Aluminum",5080
"onshore wind","Aluminum",830
"onshore wind","Copper",1200
"onshore wind","Copper",1750
"onshore wind","Copper",1408
"onshore wind","Copper",2500
"onshore wind","Nickel",111
"onshore wind","Steel",148000
"onshore wind","Steel",89840
"onshore wind","Aluminum",560
"onshore wind","Dysprosium",1.4
"onshore wind","Dysprosium",1.8
"onshore wind","Dysprosium",3.7
"onshore wind","Dysprosium",2.9
"onshore wind","Neodymium",49.6
"onshore wind","Neodymium",40
"onshore wind","Neodymium",24.8
"onshore wind","Neodymium",20
"onshore wind","Dysprosium",1.6
"onshore wind","Dysprosium",3.3
"onshore wind","Dysprosium",1.6
"onshore wind","Dysprosium",3.3
"onshore wind","Neodymium",20.4
"onshore wind","Neodymium",40.8
"onshore wind","Neodymium",16
"onshore wind","Neodymium",24.8
"onshore wind","Neodymium",32
"onshore wind","Neodymium",49.6
"onshore wind","Steel",108667
"onshore wind","Steel",181200
"onshore wind","Steel",117667
"onshore wind","Steel",114266
"onshore wind","Steel",101176
"onshore wind","Steel",105120
"onshore wind","Steel",129333
"onshore wind","Steel",131150
"onshore wind","Steel",120040
"onshore wind","Steel",133300
"onshore wind","Aluminum",2000
"onshore wind","Aluminum",3200
"onshore wind","Aluminum",1765
"onshore wind","Aluminum",1680
"onshore wind","Aluminum",2133
"onshore wind","Aluminum",2150
"onshore wind","Aluminum",1960
"onshore wind","Aluminum",2200
"onshore wind","Copper",2000
"onshore wind","Copper",3200
"onshore wind","Copper",1867
"onshore wind","Copper",1529
"onshore wind","Copper",1920
"onshore wind","Copper",2066
"onshore wind","Copper",2200
"onshore wind","Copper",2242
"onshore wind","Copper",2478
"onshore wind","Copper",2333
"onshore wind","Copper",2520
"onshore wind","Copper",3057
"onshore wind","Copper",892
"onshore wind","Copper",1067
"onshore wind","Copper",5761
"onshore wind","Copper",2994
"onshore wind","Copper",6759
"onshore wind","Copper",2540
"onshore wind","Copper",3538
"onshore wind","Dysprosium",21
"onshore wind","Neodymium",202.5
"onshore wind","Steel",132000
"onshore wind","Steel",119500
"onshore wind","Aluminum",500
"onshore wind","Aluminum",700
"onshore wind","Boron",6
"onshore wind","Chromium",525
"onshore wind","Copper",5000
"onshore wind","Copper",3000
"onshore wind","Dysprosium",6
"onshore wind","Dysprosium",17
"onshore wind","Manganese",790
"onshore wind","Molybdenum",109
"onshore wind","Neodymium",28
"onshore wind","Neodymium",180
"onshore wind","Nickel",340
"onshore wind","Nickel",240
"onshore wind","Praseodymium",35
"onshore wind","Praseodymium",9
"onshore wind","Terbium",1
"onshore wind","Terbium",7
"onshore wind","Zinc",5500
"onshore wind","Neodymium",180.5
"onshore wind","Neodymium ",186
"onshore wind","Dysprosium",12
"onshore wind","Aluminum",1060
"onshore wind","Chromium",239
"onshore wind","Copper",10000
"onshore wind","Dysprosium",29
"onshore wind","Lead",6720
"onshore wind","Neodymium",183
"onshore wind","Nickel",111
"onshore wind","Praseodymium",48
"onshore wind","Steel",132000
"onshore wind","Terbium",1.3
"onshore wind","Copper",4200
"onshore wind","Steel",122780
"onshore wind","Fiberglass",9580
"onshore wind","Copper",3320
"onshore wind","Cement",38717
"onshore wind","Cement",60070
"onshore wind","Aluminum",13200
"onshore wind","Copper",4700
"onshore wind","Dysprosium",14
"onshore wind","Dysprosium",13.3
"onshore wind","Neodymium",150
"onshore wind","Neodymium",200
"onshore wind","Steel",76160
"onshore wind","Dysprosium",24
"onshore wind","Dysprosium",27.7
"onshore wind","Dysprosium",28
"onshore wind","Neodymium",180
"onshore wind","Neodymium",198
"onshore wind","Dysprosium",8.1
"onshore wind","Neodymium",117.45
"onshore wind","Dysprosium",14
"onshore wind","Dysprosium",28
"onshore wind","Dysprosium",21
"onshore wind","Neodymium",150
"onshore wind","Neodymium",220
"onshore wind","Neodymium",185
"onshore wind","Terbium",6.2
"onshore wind","Terbium",9
"onshore wind","Terbium",7.6
"onshore wind","Terbium",8
"onshore wind","Copper",4700
"onshore wind","Dysprosium",13
"onshore wind","Neodymium",200
"onshore wind","Nickel",377
"onshore wind","Neodymium",203
"onshore wind","Dysprosium",14
"onshore wind","Neodymium",310
"onshore wind","Neodymium",166
"onshore wind","Neodymium",56
"onshore wind","Neodymium",244
"onshore wind","Neodymium",127
"onshore wind","Neodymium",38
"onshore wind","Praseodymium",75
"onshore wind","Praseodymium",17
"onshore wind","Praseodymium",3
"onshore wind","Praseodymium",59
"onshore wind","Praseodymium",13
"onshore wind","Praseodymium",2
"onshore wind","Dysprosium",50
"onshore wind","Dysprosium",17
"onshore wind","Dysprosium",3
"onshore wind","Dysprosium",39
"onshore wind","Dysprosium",13
"onshore wind","Dysprosium",2
"onshore wind","Terbium",30
"onshore wind","Terbium",9
"onshore wind","Terbium",2
"onshore wind","Terbium",24
"onshore wind","Terbium",7
"onshore wind","Terbium",1
"onshore wind","Dysprosium",7.3
"onshore wind","Neodymium",105.85
"onshore wind","Yttrium",0.45
"onshore wind","Yttrium",2
"onshore wind","Copper",5500
"onshore wind","Copper",4700
"onshore wind","Dysprosium",14
"onshore wind","Dysprosium",13
"onshore wind","Dysprosium",18
"onshore wind","Dysprosium",13.3
"onshore wind","Neodymium",150
"onshore wind","Neodymium",200
"onshore wind","Neodymium",195
"onshore wind","Neodymium",186
"onshore wind","Nickel",112
"onshore wind","Steel",98900
"onshore wind","Steel",120000
"onshore wind","Dysprosium",11.7
"onshore wind","Dysprosium",15
"onshore wind","Neodymium",201.5
"onshore wind","Neodymium",162.5
"onshore wind","Dysprosium",13.4
"onshore wind","Dysprosium",13.4
"onshore wind","Neodymium",165
"onshore wind","Neodymium",165
"onshore wind","Dysprosium",27.7
"onshore wind","Neodymium",198
"onshore wind","Steel",115133
"onshore wind","Steel",116250
"onshore wind","Steel",108920
"onshore wind","Steel",117900
"onshore wind","Aluminum",1733
"onshore wind","Aluminum",1750
"onshore wind","Aluminum",1640
"onshore wind","Aluminum",1800
"onshore wind","Copper",15267
"onshore wind","Copper",15350
"onshore wind","Copper",12680
"onshore wind","Copper",14233
"onshore wind","Copper",2733
"onshore wind","Copper",2520
"onshore wind","Copper",2500
"onshore wind","Copper",4800
"onshore wind","Copper",4609
"onshore wind","Copper",5067
"onshore wind","Copper",2440
"onshore wind","Copper",2514
"onshore wind","Copper",1567
"onshore wind","Copper",1571
"onshore wind","Copper",5560
"onshore wind","Copper",5643
"onshore wind","Copper",4917
"onshore wind","Copper",4896
